model,training_window,features,threshold_rule,F1,Precision,Recall,PR-AUC,ROC-AUC,Brier,ECE,note
RF production,1990–2022 (train+val),110 features (incl. qualifying_day),Fixed 0.70,0.6947,0.5789,0.8684,0.8339,0.9979,0.0083,0.0208,Production model; trained on train+val combined.
RF fair,1990–2019 (train only),"104 features (no qualifying_day, no heatwave_lag1)",Val-optimal (0.86),0.6535,0.5238,0.8684,0.7605,0.9974,0.0112,0.0195,Same RF hyperparameters; train-only window to match DL.
GRU raw-seq ens,1990–2019 (train only),21 raw+cal (no qualifying_day),Val-optimal (≈0.93),0.7586,0.6735,0.8684,0.8414,0.9981,0.009,0.0136,"Ensemble of 5 seeds; loss=weighted-bce; mean F1=0.7377±0.0381; PR-AUC=0.8403±0.0203. vs RF-prod ΔF1 95% CI [-0.08046, 0.19732] includes_zero=True (competitive, no statistically significant difference); ΔPR-AUC CI [-0.08253, 0.10418] includes_zero=True (competitive, no statistically significant difference); vs RF-fair ΔF1 [-0.03511, 0.24015] includes_zero=True (competitive, no statistically significant difference); ΔPR-AUC CI [-0.01439, 0.23406] includes_zero=True (competitive, no statistically significant difference)"
LSTM raw-seq ens,1990–2019 (train only),21 raw+cal (no qualifying_day),Val-optimal (≈0.90),0.7234,0.6071,0.8947,0.8664,0.9984,0.0082,0.0124,"Ensemble of 5 seeds; loss=weighted-bce; mean F1=0.7124±0.0347; PR-AUC=0.8562±0.0089. vs RF-prod ΔF1 95% CI [-0.11441, 0.16469] includes_zero=True (competitive, no statistically significant difference); ΔPR-AUC CI [-0.02628, 0.14191] includes_zero=True (competitive, no statistically significant difference); vs RF-fair ΔF1 [-0.06833, 0.20452] includes_zero=True (competitive, no statistically significant difference); ΔPR-AUC CI [0.00167, 0.27421] includes_zero=False (significantly different)"
GRU feat110 ens,1990–2019 (train only),104 feat (no qualifying_day),Val-optimal (≈0.84),0.7273,0.64,0.8421,0.8579,0.9981,0.0066,0.0105,"Ensemble of 3 seeds; loss=weighted-bce; mean F1=0.7361±0.0219; PR-AUC=0.8509±0.0126. vs RF-prod ΔF1 95% CI [-0.08309, 0.16686] includes_zero=True (competitive, no statistically significant difference); ΔPR-AUC CI [-0.03079, 0.14461] includes_zero=True (competitive, no statistically significant difference); vs RF-fair ΔF1 [-0.05737, 0.22445] includes_zero=True (competitive, no statistically significant difference); ΔPR-AUC CI [-0.00039, 0.27608] includes_zero=True (competitive, no statistically significant difference)"
GRU raw-seq focal ens,1990–2019 (train only),21 raw+cal (no qualifying_day),Val-optimal (≈0.76),0.7529,0.6809,0.8421,0.8264,0.9977,0.0132,0.0368,"Ensemble of 3 seeds; loss=focal; mean F1=0.7552±0.0206; PR-AUC=0.8168±0.0061. vs RF-prod ΔF1 95% CI [-0.07635, 0.19118] includes_zero=True (competitive, no statistically significant difference); ΔPR-AUC CI [-0.10074, 0.0798] includes_zero=True (competitive, no statistically significant difference); vs RF-fair ΔF1 [-0.04983, 0.24917] includes_zero=True (competitive, no statistically significant difference); ΔPR-AUC CI [-0.03981, 0.21206] includes_zero=True (competitive, no statistically significant difference)"
GRU raw-seq seed0,1990–2019 (train only),21 raw+cal (no qualifying_day),Val-optimal (0.94),0.7416,0.6471,0.8684,0.8331,0.9978,0.0104,0.0144,Individual seed for variance reporting.
GRU raw-seq seed1,1990–2019 (train only),21 raw+cal (no qualifying_day),Val-optimal (0.94),0.7556,0.6538,0.8947,0.867,0.9985,0.009,0.0141,Individual seed for variance reporting.
GRU raw-seq seed2,1990–2019 (train only),21 raw+cal (no qualifying_day),Val-optimal (0.94),0.7442,0.6667,0.8421,0.8064,0.9974,0.0099,0.0131,Individual seed for variance reporting.
GRU raw-seq seed3,1990–2019 (train only),21 raw+cal (no qualifying_day),Val-optimal (0.93),0.7805,0.7273,0.8421,0.8524,0.9983,0.0076,0.0118,Individual seed for variance reporting.
GRU raw-seq seed4,1990–2019 (train only),21 raw+cal (no qualifying_day),Val-optimal (0.90),0.6667,0.541,0.8684,0.8424,0.9981,0.0104,0.0147,Individual seed for variance reporting.
