Model,Feature_Set,Strategy,label,precision,recall,f1,pr_auc,roc_auc,tp,fp,tn,fn,predicted_pos,actual_pos,threshold
Logistic_Regression,with_qd,baseline_weight,thresh=0.05,0.0573,1.0,0.1083,0.6356,0.9942,39,642,4799,0,681,39,0.05
Logistic_Regression,with_qd,baseline_weight,thresh=0.10,0.0732,1.0,0.1364,0.6356,0.9942,39,494,4947,0,533,39,0.1
Logistic_Regression,with_qd,baseline_weight,thresh=0.15,0.0882,1.0,0.1622,0.6356,0.9942,39,403,5038,0,442,39,0.15
Logistic_Regression,with_qd,baseline_weight,thresh=0.20,0.1005,1.0,0.1827,0.6356,0.9942,39,349,5092,0,388,39,0.2
Logistic_Regression,with_qd,baseline_weight,thresh=0.25,0.1108,1.0,0.1995,0.6356,0.9942,39,313,5128,0,352,39,0.25
Logistic_Regression,with_qd,baseline_weight,thresh=0.30,0.123,1.0,0.2191,0.6356,0.9942,39,278,5163,0,317,39,0.3
Logistic_Regression,with_qd,baseline_weight,thresh=0.35,0.1322,1.0,0.2335,0.6356,0.9942,39,256,5185,0,295,39,0.35
Logistic_Regression,with_qd,baseline_weight,thresh=0.40,0.15,1.0,0.2609,0.6356,0.9942,39,221,5220,0,260,39,0.4
Logistic_Regression,with_qd,baseline_weight,thresh=0.45,0.1585,1.0,0.2737,0.6356,0.9942,39,207,5234,0,246,39,0.45
Logistic_Regression,with_qd,baseline_weight,thresh=0.50,0.1689,0.9744,0.2879,0.6356,0.9942,38,187,5254,1,225,39,0.5
Logistic_Regression,with_qd,baseline_weight,thresh=0.60,0.2022,0.9487,0.3333,0.6356,0.9942,37,146,5295,2,183,39,0.6
Logistic_Regression,with_qd,baseline_weight,thresh=0.70,0.2338,0.9231,0.3731,0.6356,0.9942,36,118,5323,3,154,39,0.7
Logistic_Regression,with_qd,baseline_weight,thresh=0.80,0.2742,0.8718,0.4172,0.6356,0.9942,34,90,5351,5,124,39,0.8
Logistic_Regression,with_qd,baseline_weight,thresh=0.90,0.375,0.8462,0.5197,0.6356,0.9942,33,55,5386,6,88,39,0.9
Logistic_Regression,without_qd,baseline_weight,thresh=0.05,0.0619,1.0,0.1166,0.6216,0.9936,39,591,4850,0,630,39,0.05
Logistic_Regression,without_qd,baseline_weight,thresh=0.10,0.0785,1.0,0.1455,0.6216,0.9936,39,458,4983,0,497,39,0.1
Logistic_Regression,without_qd,baseline_weight,thresh=0.15,0.0907,1.0,0.1663,0.6216,0.9936,39,391,5050,0,430,39,0.15
Logistic_Regression,without_qd,baseline_weight,thresh=0.20,0.1,1.0,0.1818,0.6216,0.9936,39,351,5090,0,390,39,0.2
Logistic_Regression,without_qd,baseline_weight,thresh=0.25,0.1099,1.0,0.198,0.6216,0.9936,39,316,5125,0,355,39,0.25
Logistic_Regression,without_qd,baseline_weight,thresh=0.30,0.1223,1.0,0.2179,0.6216,0.9936,39,280,5161,0,319,39,0.3
Logistic_Regression,without_qd,baseline_weight,thresh=0.35,0.1331,1.0,0.2349,0.6216,0.9936,39,254,5187,0,293,39,0.35
Logistic_Regression,without_qd,baseline_weight,thresh=0.40,0.1439,1.0,0.2516,0.6216,0.9936,39,232,5209,0,271,39,0.4
Logistic_Regression,without_qd,baseline_weight,thresh=0.45,0.1518,1.0,0.2635,0.6216,0.9936,39,218,5223,0,257,39,0.45
Logistic_Regression,without_qd,baseline_weight,thresh=0.50,0.1625,1.0,0.2796,0.6216,0.9936,39,201,5240,0,240,39,0.5
Logistic_Regression,without_qd,baseline_weight,thresh=0.60,0.1869,0.9487,0.3122,0.6216,0.9936,37,161,5280,2,198,39,0.6
Logistic_Regression,without_qd,baseline_weight,thresh=0.70,0.2327,0.9487,0.3737,0.6216,0.9936,37,122,5319,2,159,39,0.7
Logistic_Regression,without_qd,baseline_weight,thresh=0.80,0.2595,0.8718,0.4,0.6216,0.9936,34,97,5344,5,131,39,0.8
Logistic_Regression,without_qd,baseline_weight,thresh=0.90,0.3523,0.7949,0.4882,0.6216,0.9936,31,57,5384,8,88,39,0.9
Random_Forest,with_qd,baseline_weight,thresh=0.05,0.1466,1.0,0.2557,0.5535,0.9948,39,227,5214,0,266,39,0.05
Random_Forest,with_qd,baseline_weight,thresh=0.10,0.1866,1.0,0.3145,0.5535,0.9948,39,170,5271,0,209,39,0.1
Random_Forest,with_qd,baseline_weight,thresh=0.15,0.2147,0.9744,0.3519,0.5535,0.9948,38,139,5302,1,177,39,0.15
Random_Forest,with_qd,baseline_weight,thresh=0.20,0.2375,0.9744,0.3819,0.5535,0.9948,38,122,5319,1,160,39,0.2
Random_Forest,with_qd,baseline_weight,thresh=0.25,0.2624,0.9487,0.4111,0.5535,0.9948,37,104,5337,2,141,39,0.25
Random_Forest,with_qd,baseline_weight,thresh=0.30,0.2687,0.9231,0.4162,0.5535,0.9948,36,98,5343,3,134,39,0.3
Random_Forest,with_qd,baseline_weight,thresh=0.35,0.2927,0.9231,0.4444,0.5535,0.9948,36,87,5354,3,123,39,0.35
Random_Forest,with_qd,baseline_weight,thresh=0.40,0.3025,0.9231,0.4557,0.5535,0.9948,36,83,5358,3,119,39,0.4
Random_Forest,with_qd,baseline_weight,thresh=0.45,0.3365,0.8974,0.4895,0.5535,0.9948,35,69,5372,4,104,39,0.45
Random_Forest,with_qd,baseline_weight,thresh=0.50,0.3505,0.8718,0.5,0.5535,0.9948,34,63,5378,5,97,39,0.5
Random_Forest,with_qd,baseline_weight,thresh=0.60,0.3882,0.8462,0.5323,0.5535,0.9948,33,52,5389,6,85,39,0.6
Random_Forest,with_qd,baseline_weight,thresh=0.70,0.4324,0.8205,0.5664,0.5535,0.9948,32,42,5399,7,74,39,0.7
Random_Forest,with_qd,baseline_weight,thresh=0.80,0.4355,0.6923,0.5347,0.5535,0.9948,27,35,5406,12,62,39,0.8
Random_Forest,with_qd,baseline_weight,thresh=0.90,0.5833,0.5385,0.56,0.5535,0.9948,21,15,5426,18,36,39,0.9
Random_Forest,without_qd,baseline_weight,thresh=0.05,0.1439,1.0,0.2516,0.5325,0.9944,39,232,5209,0,271,39,0.05
Random_Forest,without_qd,baseline_weight,thresh=0.10,0.1893,1.0,0.3184,0.5325,0.9944,39,167,5274,0,206,39,0.1
Random_Forest,without_qd,baseline_weight,thresh=0.15,0.2123,0.9744,0.3486,0.5325,0.9944,38,141,5300,1,179,39,0.15
Random_Forest,without_qd,baseline_weight,thresh=0.20,0.227,0.9487,0.3663,0.5325,0.9944,37,126,5315,2,163,39,0.2
Random_Forest,without_qd,baseline_weight,thresh=0.25,0.2552,0.9487,0.4022,0.5325,0.9944,37,108,5333,2,145,39,0.25
Random_Forest,without_qd,baseline_weight,thresh=0.30,0.2769,0.9231,0.426,0.5325,0.9944,36,94,5347,3,130,39,0.3
Random_Forest,without_qd,baseline_weight,thresh=0.35,0.2903,0.9231,0.4417,0.5325,0.9944,36,88,5353,3,124,39,0.35
Random_Forest,without_qd,baseline_weight,thresh=0.40,0.3025,0.9231,0.4557,0.5325,0.9944,36,83,5358,3,119,39,0.4
Random_Forest,without_qd,baseline_weight,thresh=0.45,0.3182,0.8974,0.4698,0.5325,0.9944,35,75,5366,4,110,39,0.45
Random_Forest,without_qd,baseline_weight,thresh=0.50,0.3301,0.8718,0.4789,0.5325,0.9944,34,69,5372,5,103,39,0.5
Random_Forest,without_qd,baseline_weight,thresh=0.60,0.3735,0.7949,0.5082,0.5325,0.9944,31,52,5389,8,83,39,0.6
Random_Forest,without_qd,baseline_weight,thresh=0.70,0.3881,0.6667,0.4906,0.5325,0.9944,26,41,5400,13,67,39,0.7
Random_Forest,without_qd,baseline_weight,thresh=0.80,0.4706,0.6154,0.5333,0.5325,0.9944,24,27,5414,15,51,39,0.8
Random_Forest,without_qd,baseline_weight,thresh=0.90,0.5366,0.5641,0.55,0.5325,0.9944,22,19,5422,17,41,39,0.9
XGBoost,with_qd,baseline_weight,thresh=0.05,0.2667,0.9231,0.4138,0.5668,0.9943,36,99,5342,3,135,39,0.05
XGBoost,with_qd,baseline_weight,thresh=0.10,0.2966,0.8974,0.4459,0.5668,0.9943,35,83,5358,4,118,39,0.1
XGBoost,with_qd,baseline_weight,thresh=0.15,0.3091,0.8718,0.4564,0.5668,0.9943,34,76,5365,5,110,39,0.15
XGBoost,with_qd,baseline_weight,thresh=0.20,0.3269,0.8718,0.4755,0.5668,0.9943,34,70,5371,5,104,39,0.2
XGBoost,with_qd,baseline_weight,thresh=0.25,0.3434,0.8718,0.4928,0.5668,0.9943,34,65,5376,5,99,39,0.25
XGBoost,with_qd,baseline_weight,thresh=0.30,0.3478,0.8205,0.4885,0.5668,0.9943,32,60,5381,7,92,39,0.3
XGBoost,with_qd,baseline_weight,thresh=0.35,0.3636,0.8205,0.5039,0.5668,0.9943,32,56,5385,7,88,39,0.35
XGBoost,with_qd,baseline_weight,thresh=0.40,0.3855,0.8205,0.5246,0.5668,0.9943,32,51,5390,7,83,39,0.4
XGBoost,with_qd,baseline_weight,thresh=0.45,0.4,0.8205,0.5378,0.5668,0.9943,32,48,5393,7,80,39,0.45
XGBoost,with_qd,baseline_weight,thresh=0.50,0.3974,0.7949,0.5299,0.5668,0.9943,31,47,5394,8,78,39,0.5
XGBoost,with_qd,baseline_weight,thresh=0.60,0.3973,0.7436,0.5179,0.5668,0.9943,29,44,5397,10,73,39,0.6
XGBoost,with_qd,baseline_weight,thresh=0.70,0.4603,0.7436,0.5686,0.5668,0.9943,29,34,5407,10,63,39,0.7
XGBoost,with_qd,baseline_weight,thresh=0.80,0.5,0.7436,0.5979,0.5668,0.9943,29,29,5412,10,58,39,0.8
XGBoost,with_qd,baseline_weight,thresh=0.90,0.5217,0.6154,0.5647,0.5668,0.9943,24,22,5419,15,46,39,0.9
XGBoost,without_qd,baseline_weight,thresh=0.05,0.2707,0.9231,0.4186,0.5433,0.994,36,97,5344,3,133,39,0.05
XGBoost,without_qd,baseline_weight,thresh=0.10,0.3043,0.8974,0.4545,0.5433,0.994,35,80,5361,4,115,39,0.1
XGBoost,without_qd,baseline_weight,thresh=0.15,0.3271,0.8974,0.4795,0.5433,0.994,35,72,5369,4,107,39,0.15
XGBoost,without_qd,baseline_weight,thresh=0.20,0.3365,0.8974,0.4895,0.5433,0.994,35,69,5372,4,104,39,0.2
XGBoost,without_qd,baseline_weight,thresh=0.25,0.35,0.8974,0.5036,0.5433,0.994,35,65,5376,4,100,39,0.25
XGBoost,without_qd,baseline_weight,thresh=0.30,0.3646,0.8974,0.5185,0.5433,0.994,35,61,5380,4,96,39,0.3
XGBoost,without_qd,baseline_weight,thresh=0.35,0.3804,0.8974,0.5344,0.5433,0.994,35,57,5384,4,92,39,0.35
XGBoost,without_qd,baseline_weight,thresh=0.40,0.375,0.8462,0.5197,0.5433,0.994,33,55,5386,6,88,39,0.4
XGBoost,without_qd,baseline_weight,thresh=0.45,0.3976,0.8462,0.541,0.5433,0.994,33,50,5391,6,83,39,0.45
XGBoost,without_qd,baseline_weight,thresh=0.50,0.4051,0.8205,0.5424,0.5433,0.994,32,47,5394,7,79,39,0.5
XGBoost,without_qd,baseline_weight,thresh=0.60,0.4225,0.7692,0.5455,0.5433,0.994,30,41,5400,9,71,39,0.6
XGBoost,without_qd,baseline_weight,thresh=0.70,0.4603,0.7436,0.5686,0.5433,0.994,29,34,5407,10,63,39,0.7
XGBoost,without_qd,baseline_weight,thresh=0.80,0.5179,0.7436,0.6105,0.5433,0.994,29,27,5414,10,56,39,0.8
XGBoost,without_qd,baseline_weight,thresh=0.90,0.5556,0.641,0.5952,0.5433,0.994,25,20,5421,14,45,39,0.9
Logistic_Regression,with_qd,strong_weight,thresh=0.05,0.0484,1.0,0.0923,0.6078,0.9935,39,767,4674,0,806,39,0.05
Logistic_Regression,with_qd,strong_weight,thresh=0.10,0.0607,1.0,0.1144,0.6078,0.9935,39,604,4837,0,643,39,0.1
Logistic_Regression,with_qd,strong_weight,thresh=0.15,0.0689,1.0,0.1289,0.6078,0.9935,39,527,4914,0,566,39,0.15
Logistic_Regression,with_qd,strong_weight,thresh=0.20,0.0789,1.0,0.1463,0.6078,0.9935,39,455,4986,0,494,39,0.2
Logistic_Regression,with_qd,strong_weight,thresh=0.25,0.0878,1.0,0.1615,0.6078,0.9935,39,405,5036,0,444,39,0.25
Logistic_Regression,with_qd,strong_weight,thresh=0.30,0.097,1.0,0.1769,0.6078,0.9935,39,363,5078,0,402,39,0.3
Logistic_Regression,with_qd,strong_weight,thresh=0.35,0.1029,1.0,0.1866,0.6078,0.9935,39,340,5101,0,379,39,0.35
Logistic_Regression,with_qd,strong_weight,thresh=0.40,0.1108,1.0,0.1995,0.6078,0.9935,39,313,5128,0,352,39,0.4
Logistic_Regression,with_qd,strong_weight,thresh=0.45,0.1211,1.0,0.2161,0.6078,0.9935,39,283,5158,0,322,39,0.45
Logistic_Regression,with_qd,strong_weight,thresh=0.50,0.1293,0.9744,0.2282,0.6078,0.9935,38,256,5185,1,294,39,0.5
Logistic_Regression,with_qd,strong_weight,thresh=0.60,0.1508,0.9744,0.2612,0.6078,0.9935,38,214,5227,1,252,39,0.6
Logistic_Regression,with_qd,strong_weight,thresh=0.70,0.1762,0.9487,0.2972,0.6078,0.9935,37,173,5268,2,210,39,0.7
Logistic_Regression,with_qd,strong_weight,thresh=0.80,0.2182,0.9231,0.3529,0.6078,0.9935,36,129,5312,3,165,39,0.8
Logistic_Regression,with_qd,strong_weight,thresh=0.90,0.2764,0.8718,0.4198,0.6078,0.9935,34,89,5352,5,123,39,0.9
Logistic_Regression,without_qd,strong_weight,thresh=0.05,0.0496,1.0,0.0945,0.5686,0.9928,39,747,4694,0,786,39,0.05
Logistic_Regression,without_qd,strong_weight,thresh=0.10,0.0612,1.0,0.1154,0.5686,0.9928,39,598,4843,0,637,39,0.1
Logistic_Regression,without_qd,strong_weight,thresh=0.15,0.0705,1.0,0.1318,0.5686,0.9928,39,514,4927,0,553,39,0.15
Logistic_Regression,without_qd,strong_weight,thresh=0.20,0.0796,1.0,0.1474,0.5686,0.9928,39,451,4990,0,490,39,0.2
Logistic_Regression,without_qd,strong_weight,thresh=0.25,0.0886,1.0,0.1628,0.5686,0.9928,39,401,5040,0,440,39,0.25
Logistic_Regression,without_qd,strong_weight,thresh=0.30,0.0942,1.0,0.1722,0.5686,0.9928,39,375,5066,0,414,39,0.3
Logistic_Regression,without_qd,strong_weight,thresh=0.35,0.1008,1.0,0.1831,0.5686,0.9928,39,348,5093,0,387,39,0.35
Logistic_Regression,without_qd,strong_weight,thresh=0.40,0.1071,1.0,0.1935,0.5686,0.9928,39,325,5116,0,364,39,0.4
Logistic_Regression,without_qd,strong_weight,thresh=0.45,0.1157,1.0,0.2074,0.5686,0.9928,39,298,5143,0,337,39,0.45
Logistic_Regression,without_qd,strong_weight,thresh=0.50,0.125,1.0,0.2222,0.5686,0.9928,39,273,5168,0,312,39,0.5
Logistic_Regression,without_qd,strong_weight,thresh=0.60,0.1413,0.9744,0.2468,0.5686,0.9928,38,231,5210,1,269,39,0.6
Logistic_Regression,without_qd,strong_weight,thresh=0.70,0.163,0.9487,0.2782,0.5686,0.9928,37,190,5251,2,227,39,0.7
Logistic_Regression,without_qd,strong_weight,thresh=0.80,0.2056,0.9487,0.3379,0.5686,0.9928,37,143,5298,2,180,39,0.8
Logistic_Regression,without_qd,strong_weight,thresh=0.90,0.2558,0.8462,0.3929,0.5686,0.9928,33,96,5345,6,129,39,0.9
Random_Forest,with_qd,strong_weight,thresh=0.05,0.125,1.0,0.2222,0.5299,0.9947,39,273,5168,0,312,39,0.05
Random_Forest,with_qd,strong_weight,thresh=0.10,0.1653,1.0,0.2836,0.5299,0.9947,39,197,5244,0,236,39,0.1
Random_Forest,with_qd,strong_weight,thresh=0.15,0.19,0.9744,0.318,0.5299,0.9947,38,162,5279,1,200,39,0.15
Random_Forest,with_qd,strong_weight,thresh=0.20,0.2077,0.9744,0.3423,0.5299,0.9947,38,145,5296,1,183,39,0.2
Random_Forest,with_qd,strong_weight,thresh=0.25,0.2249,0.9744,0.3654,0.5299,0.9947,38,131,5310,1,169,39,0.25
Random_Forest,with_qd,strong_weight,thresh=0.30,0.2517,0.9744,0.4,0.5299,0.9947,38,113,5328,1,151,39,0.3
Random_Forest,with_qd,strong_weight,thresh=0.35,0.2754,0.9744,0.4294,0.5299,0.9947,38,100,5341,1,138,39,0.35
Random_Forest,with_qd,strong_weight,thresh=0.40,0.2782,0.9487,0.4302,0.5299,0.9947,37,96,5345,2,133,39,0.4
Random_Forest,with_qd,strong_weight,thresh=0.45,0.2857,0.9231,0.4364,0.5299,0.9947,36,90,5351,3,126,39,0.45
Random_Forest,with_qd,strong_weight,thresh=0.50,0.313,0.9231,0.4675,0.5299,0.9947,36,79,5362,3,115,39,0.5
Random_Forest,with_qd,strong_weight,thresh=0.60,0.3469,0.8718,0.4964,0.5299,0.9947,34,64,5377,5,98,39,0.6
Random_Forest,with_qd,strong_weight,thresh=0.70,0.3976,0.8462,0.541,0.5299,0.9947,33,50,5391,6,83,39,0.7
Random_Forest,with_qd,strong_weight,thresh=0.80,0.4286,0.7692,0.5505,0.5299,0.9947,30,40,5401,9,70,39,0.8
Random_Forest,with_qd,strong_weight,thresh=0.90,0.46,0.5897,0.5169,0.5299,0.9947,23,27,5414,16,50,39,0.9
Random_Forest,without_qd,strong_weight,thresh=0.05,0.1238,1.0,0.2203,0.5324,0.9942,39,276,5165,0,315,39,0.05
Random_Forest,without_qd,strong_weight,thresh=0.10,0.1667,1.0,0.2857,0.5324,0.9942,39,195,5246,0,234,39,0.1
Random_Forest,without_qd,strong_weight,thresh=0.15,0.1845,0.9744,0.3102,0.5324,0.9942,38,168,5273,1,206,39,0.15
Random_Forest,without_qd,strong_weight,thresh=0.20,0.2077,0.9744,0.3423,0.5324,0.9942,38,145,5296,1,183,39,0.2
Random_Forest,without_qd,strong_weight,thresh=0.25,0.2222,0.9744,0.3619,0.5324,0.9942,38,133,5308,1,171,39,0.25
Random_Forest,without_qd,strong_weight,thresh=0.30,0.2517,0.9744,0.4,0.5324,0.9942,38,113,5328,1,151,39,0.3
Random_Forest,without_qd,strong_weight,thresh=0.35,0.2606,0.9487,0.4088,0.5324,0.9942,37,105,5336,2,142,39,0.35
Random_Forest,without_qd,strong_weight,thresh=0.40,0.2667,0.9231,0.4138,0.5324,0.9942,36,99,5342,3,135,39,0.4
Random_Forest,without_qd,strong_weight,thresh=0.45,0.2835,0.9231,0.4337,0.5324,0.9942,36,91,5350,3,127,39,0.45
Random_Forest,without_qd,strong_weight,thresh=0.50,0.3,0.9231,0.4528,0.5324,0.9942,36,84,5357,3,120,39,0.5
Random_Forest,without_qd,strong_weight,thresh=0.60,0.3333,0.8462,0.4783,0.5324,0.9942,33,66,5375,6,99,39,0.6
Random_Forest,without_qd,strong_weight,thresh=0.70,0.3827,0.7949,0.5167,0.5324,0.9942,31,50,5391,8,81,39,0.7
Random_Forest,without_qd,strong_weight,thresh=0.80,0.4062,0.6667,0.5049,0.5324,0.9942,26,38,5403,13,64,39,0.8
Random_Forest,without_qd,strong_weight,thresh=0.90,0.48,0.6154,0.5393,0.5324,0.9942,24,26,5415,15,50,39,0.9
XGBoost,with_qd,spw_64,thresh=0.05,0.2812,0.9231,0.4311,0.5111,0.9939,36,92,5349,3,128,39,0.05
XGBoost,with_qd,spw_64,thresh=0.10,0.3036,0.8718,0.4503,0.5111,0.9939,34,78,5363,5,112,39,0.1
XGBoost,with_qd,spw_64,thresh=0.15,0.3204,0.8462,0.4648,0.5111,0.9939,33,70,5371,6,103,39,0.15
XGBoost,with_qd,spw_64,thresh=0.20,0.3438,0.8462,0.4889,0.5111,0.9939,33,63,5378,6,96,39,0.2
XGBoost,with_qd,spw_64,thresh=0.25,0.3556,0.8205,0.4961,0.5111,0.9939,32,58,5383,7,90,39,0.25
XGBoost,with_qd,spw_64,thresh=0.30,0.3765,0.8205,0.5161,0.5111,0.9939,32,53,5388,7,85,39,0.3
XGBoost,with_qd,spw_64,thresh=0.35,0.375,0.7692,0.5042,0.5111,0.9939,30,50,5391,9,80,39,0.35
XGBoost,with_qd,spw_64,thresh=0.40,0.3947,0.7692,0.5217,0.5111,0.9939,30,46,5395,9,76,39,0.4
XGBoost,with_qd,spw_64,thresh=0.45,0.4286,0.7692,0.5505,0.5111,0.9939,30,40,5401,9,70,39,0.45
XGBoost,with_qd,spw_64,thresh=0.50,0.4545,0.7692,0.5714,0.5111,0.9939,30,36,5405,9,66,39,0.5
XGBoost,with_qd,spw_64,thresh=0.60,0.4833,0.7436,0.5859,0.5111,0.9939,29,31,5410,10,60,39,0.6
XGBoost,with_qd,spw_64,thresh=0.70,0.4815,0.6667,0.5591,0.5111,0.9939,26,28,5413,13,54,39,0.7
XGBoost,with_qd,spw_64,thresh=0.80,0.48,0.6154,0.5393,0.5111,0.9939,24,26,5415,15,50,39,0.8
XGBoost,with_qd,spw_64,thresh=0.90,0.4872,0.4872,0.4872,0.5111,0.9939,19,20,5421,20,39,39,0.9
XGBoost,without_qd,spw_64,thresh=0.05,0.2769,0.9231,0.426,0.5223,0.9936,36,94,5347,3,130,39,0.05
XGBoost,without_qd,spw_64,thresh=0.10,0.3017,0.8974,0.4516,0.5223,0.9936,35,81,5360,4,116,39,0.1
XGBoost,without_qd,spw_64,thresh=0.15,0.3333,0.8718,0.4823,0.5223,0.9936,34,68,5373,5,102,39,0.15
XGBoost,without_qd,spw_64,thresh=0.20,0.3505,0.8718,0.5,0.5223,0.9936,34,63,5378,5,97,39,0.2
XGBoost,without_qd,spw_64,thresh=0.25,0.3626,0.8462,0.5077,0.5223,0.9936,33,58,5383,6,91,39,0.25
XGBoost,without_qd,spw_64,thresh=0.30,0.3605,0.7949,0.496,0.5223,0.9936,31,55,5386,8,86,39,0.3
XGBoost,without_qd,spw_64,thresh=0.35,0.3735,0.7949,0.5082,0.5223,0.9936,31,52,5389,8,83,39,0.35
XGBoost,without_qd,spw_64,thresh=0.40,0.3816,0.7436,0.5043,0.5223,0.9936,29,47,5394,10,76,39,0.4
XGBoost,without_qd,spw_64,thresh=0.45,0.3919,0.7436,0.5133,0.5223,0.9936,29,45,5396,10,74,39,0.45
XGBoost,without_qd,spw_64,thresh=0.50,0.4265,0.7436,0.5421,0.5223,0.9936,29,39,5402,10,68,39,0.5
XGBoost,without_qd,spw_64,thresh=0.60,0.459,0.7179,0.56,0.5223,0.9936,28,33,5408,11,61,39,0.6
XGBoost,without_qd,spw_64,thresh=0.70,0.4912,0.7179,0.5833,0.5223,0.9936,28,29,5412,11,57,39,0.7
XGBoost,without_qd,spw_64,thresh=0.80,0.5098,0.6667,0.5778,0.5223,0.9936,26,25,5416,13,51,39,0.8
XGBoost,without_qd,spw_64,thresh=0.90,0.5294,0.4615,0.4932,0.5223,0.9936,18,16,5425,21,34,39,0.9
XGBoost,with_qd,spw_128,thresh=0.05,0.2707,0.9231,0.4186,0.5535,0.9945,36,97,5344,3,133,39,0.05
XGBoost,with_qd,spw_128,thresh=0.10,0.3017,0.8974,0.4516,0.5535,0.9945,35,81,5360,4,116,39,0.1
XGBoost,with_qd,spw_128,thresh=0.15,0.3241,0.8974,0.4762,0.5535,0.9945,35,73,5368,4,108,39,0.15
XGBoost,with_qd,spw_128,thresh=0.20,0.35,0.8974,0.5036,0.5535,0.9945,35,65,5376,4,100,39,0.2
XGBoost,with_qd,spw_128,thresh=0.25,0.3684,0.8974,0.5224,0.5535,0.9945,35,60,5381,4,95,39,0.25
XGBoost,with_qd,spw_128,thresh=0.30,0.3656,0.8718,0.5152,0.5535,0.9945,34,59,5382,5,93,39,0.3
XGBoost,with_qd,spw_128,thresh=0.35,0.3667,0.8462,0.5116,0.5535,0.9945,33,57,5384,6,90,39,0.35
XGBoost,with_qd,spw_128,thresh=0.40,0.3721,0.8205,0.512,0.5535,0.9945,32,54,5387,7,86,39,0.4
XGBoost,with_qd,spw_128,thresh=0.45,0.3827,0.7949,0.5167,0.5535,0.9945,31,50,5391,8,81,39,0.45
XGBoost,with_qd,spw_128,thresh=0.50,0.3896,0.7692,0.5172,0.5535,0.9945,30,47,5394,9,77,39,0.5
XGBoost,with_qd,spw_128,thresh=0.60,0.4394,0.7436,0.5524,0.5535,0.9945,29,37,5404,10,66,39,0.6
XGBoost,with_qd,spw_128,thresh=0.70,0.4603,0.7436,0.5686,0.5535,0.9945,29,34,5407,10,63,39,0.7
XGBoost,with_qd,spw_128,thresh=0.80,0.5,0.7436,0.5979,0.5535,0.9945,29,29,5412,10,58,39,0.8
XGBoost,with_qd,spw_128,thresh=0.90,0.5102,0.641,0.5682,0.5535,0.9945,25,24,5417,14,49,39,0.9
XGBoost,without_qd,spw_128,thresh=0.05,0.2769,0.9231,0.426,0.5654,0.9934,36,94,5347,3,130,39,0.05
XGBoost,without_qd,spw_128,thresh=0.10,0.3051,0.9231,0.4586,0.5654,0.9934,36,82,5359,3,118,39,0.1
XGBoost,without_qd,spw_128,thresh=0.15,0.3303,0.9231,0.4865,0.5654,0.9934,36,73,5368,3,109,39,0.15
XGBoost,without_qd,spw_128,thresh=0.20,0.3398,0.8974,0.493,0.5654,0.9934,35,68,5373,4,103,39,0.2
XGBoost,without_qd,spw_128,thresh=0.25,0.3333,0.8462,0.4783,0.5654,0.9934,33,66,5375,6,99,39,0.25
XGBoost,without_qd,spw_128,thresh=0.30,0.3368,0.8205,0.4776,0.5654,0.9934,32,63,5378,7,95,39,0.3
XGBoost,without_qd,spw_128,thresh=0.35,0.3409,0.7692,0.4724,0.5654,0.9934,30,58,5383,9,88,39,0.35
XGBoost,without_qd,spw_128,thresh=0.40,0.3571,0.7692,0.4878,0.5654,0.9934,30,54,5387,9,84,39,0.4
XGBoost,without_qd,spw_128,thresh=0.45,0.3704,0.7692,0.5,0.5654,0.9934,30,51,5390,9,81,39,0.45
XGBoost,without_qd,spw_128,thresh=0.50,0.3704,0.7692,0.5,0.5654,0.9934,30,51,5390,9,81,39,0.5
XGBoost,without_qd,spw_128,thresh=0.60,0.4348,0.7692,0.5556,0.5654,0.9934,30,39,5402,9,69,39,0.6
XGBoost,without_qd,spw_128,thresh=0.70,0.4603,0.7436,0.5686,0.5654,0.9934,29,34,5407,10,63,39,0.7
XGBoost,without_qd,spw_128,thresh=0.80,0.5185,0.7179,0.6022,0.5654,0.9934,28,26,5415,11,54,39,0.8
XGBoost,without_qd,spw_128,thresh=0.90,0.5,0.5897,0.5412,0.5654,0.9934,23,23,5418,16,46,39,0.9
XGBoost,with_qd,spw_256,thresh=0.05,0.2727,0.9231,0.4211,0.5142,0.9942,36,96,5345,3,132,39,0.05
XGBoost,with_qd,spw_256,thresh=0.10,0.3051,0.9231,0.4586,0.5142,0.9942,36,82,5359,3,118,39,0.1
XGBoost,with_qd,spw_256,thresh=0.15,0.3125,0.8974,0.4636,0.5142,0.9942,35,77,5364,4,112,39,0.15
XGBoost,with_qd,spw_256,thresh=0.20,0.3211,0.8974,0.473,0.5142,0.9942,35,74,5367,4,109,39,0.2
XGBoost,with_qd,spw_256,thresh=0.25,0.3398,0.8974,0.493,0.5142,0.9942,35,68,5373,4,103,39,0.25
XGBoost,with_qd,spw_256,thresh=0.30,0.3434,0.8718,0.4928,0.5142,0.9942,34,65,5376,5,99,39,0.3
XGBoost,with_qd,spw_256,thresh=0.35,0.3505,0.8718,0.5,0.5142,0.9942,34,63,5378,5,97,39,0.35
XGBoost,with_qd,spw_256,thresh=0.40,0.3617,0.8718,0.5113,0.5142,0.9942,34,60,5381,5,94,39,0.4
XGBoost,with_qd,spw_256,thresh=0.45,0.3516,0.8205,0.4923,0.5142,0.9942,32,59,5382,7,91,39,0.45
XGBoost,with_qd,spw_256,thresh=0.50,0.3529,0.7692,0.4839,0.5142,0.9942,30,55,5386,9,85,39,0.5
XGBoost,with_qd,spw_256,thresh=0.60,0.3846,0.7692,0.5128,0.5142,0.9942,30,48,5393,9,78,39,0.6
XGBoost,with_qd,spw_256,thresh=0.70,0.411,0.7692,0.5357,0.5142,0.9942,30,43,5398,9,73,39,0.7
XGBoost,with_qd,spw_256,thresh=0.80,0.4833,0.7436,0.5859,0.5142,0.9942,29,31,5410,10,60,39,0.8
XGBoost,with_qd,spw_256,thresh=0.90,0.5192,0.6923,0.5934,0.5142,0.9942,27,25,5416,12,52,39,0.9
XGBoost,without_qd,spw_256,thresh=0.05,0.2707,0.9231,0.4186,0.535,0.993,36,97,5344,3,133,39,0.05
XGBoost,without_qd,spw_256,thresh=0.10,0.2893,0.8974,0.4375,0.535,0.993,35,86,5355,4,121,39,0.1
XGBoost,without_qd,spw_256,thresh=0.15,0.3125,0.8974,0.4636,0.535,0.993,35,77,5364,4,112,39,0.15
XGBoost,without_qd,spw_256,thresh=0.20,0.3241,0.8974,0.4762,0.535,0.993,35,73,5368,4,108,39,0.2
XGBoost,without_qd,spw_256,thresh=0.25,0.3269,0.8718,0.4755,0.535,0.993,34,70,5371,5,104,39,0.25
XGBoost,without_qd,spw_256,thresh=0.30,0.3505,0.8718,0.5,0.535,0.993,34,63,5378,5,97,39,0.3
XGBoost,without_qd,spw_256,thresh=0.35,0.3587,0.8462,0.5038,0.535,0.993,33,59,5382,6,92,39,0.35
XGBoost,without_qd,spw_256,thresh=0.40,0.3667,0.8462,0.5116,0.535,0.993,33,57,5384,6,90,39,0.4
XGBoost,without_qd,spw_256,thresh=0.45,0.3721,0.8205,0.512,0.535,0.993,32,54,5387,7,86,39,0.45
XGBoost,without_qd,spw_256,thresh=0.50,0.3855,0.8205,0.5246,0.535,0.993,32,51,5390,7,83,39,0.5
XGBoost,without_qd,spw_256,thresh=0.60,0.4079,0.7949,0.5391,0.535,0.993,31,45,5396,8,76,39,0.6
XGBoost,without_qd,spw_256,thresh=0.70,0.4412,0.7692,0.5607,0.535,0.993,30,38,5403,9,68,39,0.7
XGBoost,without_qd,spw_256,thresh=0.80,0.4839,0.7692,0.5941,0.535,0.993,30,32,5409,9,62,39,0.8
XGBoost,without_qd,spw_256,thresh=0.90,0.5185,0.7179,0.6022,0.535,0.993,28,26,5415,11,54,39,0.9
XGBoost,with_qd,spw_512,thresh=0.05,0.2535,0.9231,0.3978,0.4972,0.9933,36,106,5335,3,142,39,0.05
XGBoost,with_qd,spw_512,thresh=0.10,0.2857,0.9231,0.4364,0.4972,0.9933,36,90,5351,3,126,39,0.1
XGBoost,with_qd,spw_512,thresh=0.15,0.3043,0.8974,0.4545,0.4972,0.9933,35,80,5361,4,115,39,0.15
XGBoost,with_qd,spw_512,thresh=0.20,0.3211,0.8974,0.473,0.4972,0.9933,35,74,5367,4,109,39,0.2
XGBoost,with_qd,spw_512,thresh=0.25,0.3333,0.8718,0.4823,0.4972,0.9933,34,68,5373,5,102,39,0.25
XGBoost,with_qd,spw_512,thresh=0.30,0.3505,0.8718,0.5,0.4972,0.9933,34,63,5378,5,97,39,0.3
XGBoost,with_qd,spw_512,thresh=0.35,0.3511,0.8462,0.4962,0.4972,0.9933,33,61,5380,6,94,39,0.35
XGBoost,with_qd,spw_512,thresh=0.40,0.3516,0.8205,0.4923,0.4972,0.9933,32,59,5382,7,91,39,0.4
XGBoost,with_qd,spw_512,thresh=0.45,0.3596,0.8205,0.5,0.4972,0.9933,32,57,5384,7,89,39,0.45
XGBoost,with_qd,spw_512,thresh=0.50,0.3636,0.8205,0.5039,0.4972,0.9933,32,56,5385,7,88,39,0.5
XGBoost,with_qd,spw_512,thresh=0.60,0.3735,0.7949,0.5082,0.4972,0.9933,31,52,5389,8,83,39,0.6
XGBoost,with_qd,spw_512,thresh=0.70,0.3867,0.7436,0.5088,0.4972,0.9933,29,46,5395,10,75,39,0.7
XGBoost,with_qd,spw_512,thresh=0.80,0.4462,0.7436,0.5577,0.4972,0.9933,29,36,5405,10,65,39,0.8
XGBoost,with_qd,spw_512,thresh=0.90,0.4561,0.6667,0.5417,0.4972,0.9933,26,31,5410,13,57,39,0.9
XGBoost,without_qd,spw_512,thresh=0.05,0.2647,0.9231,0.4114,0.5842,0.9935,36,100,5341,3,136,39,0.05
XGBoost,without_qd,spw_512,thresh=0.10,0.2927,0.9231,0.4444,0.5842,0.9935,36,87,5354,3,123,39,0.1
XGBoost,without_qd,spw_512,thresh=0.15,0.313,0.9231,0.4675,0.5842,0.9935,36,79,5362,3,115,39,0.15
XGBoost,without_qd,spw_512,thresh=0.20,0.3153,0.8974,0.4667,0.5842,0.9935,35,76,5365,4,111,39,0.2
XGBoost,without_qd,spw_512,thresh=0.25,0.3398,0.8974,0.493,0.5842,0.9935,35,68,5373,4,103,39,0.25
XGBoost,without_qd,spw_512,thresh=0.30,0.3646,0.8974,0.5185,0.5842,0.9935,35,61,5380,4,96,39,0.3
XGBoost,without_qd,spw_512,thresh=0.35,0.3763,0.8974,0.5303,0.5842,0.9935,35,58,5383,4,93,39,0.35
XGBoost,without_qd,spw_512,thresh=0.40,0.3846,0.8974,0.5385,0.5842,0.9935,35,56,5385,4,91,39,0.4
XGBoost,without_qd,spw_512,thresh=0.45,0.382,0.8718,0.5312,0.5842,0.9935,34,55,5386,5,89,39,0.45
XGBoost,without_qd,spw_512,thresh=0.50,0.375,0.8462,0.5197,0.5842,0.9935,33,55,5386,6,88,39,0.5
XGBoost,without_qd,spw_512,thresh=0.60,0.3765,0.8205,0.5161,0.5842,0.9935,32,53,5388,7,85,39,0.6
XGBoost,without_qd,spw_512,thresh=0.70,0.4,0.7692,0.5263,0.5842,0.9935,30,45,5396,9,75,39,0.7
XGBoost,without_qd,spw_512,thresh=0.80,0.4375,0.7179,0.5437,0.5842,0.9935,28,36,5405,11,64,39,0.8
XGBoost,without_qd,spw_512,thresh=0.90,0.5094,0.6923,0.587,0.5842,0.9935,27,26,5415,12,53,39,0.9
XGBoost,with_qd,random_oversample,thresh=0.05,0.2553,0.9231,0.4,0.5119,0.9933,36,105,5336,3,141,39,0.05
XGBoost,with_qd,random_oversample,thresh=0.10,0.2869,0.8974,0.4348,0.5119,0.9933,35,87,5354,4,122,39,0.1
XGBoost,with_qd,random_oversample,thresh=0.15,0.3043,0.8974,0.4545,0.5119,0.9933,35,80,5361,4,115,39,0.15
XGBoost,with_qd,random_oversample,thresh=0.20,0.3208,0.8718,0.469,0.5119,0.9933,34,72,5369,5,106,39,0.2
XGBoost,with_qd,random_oversample,thresh=0.25,0.3301,0.8718,0.4789,0.5119,0.9933,34,69,5372,5,103,39,0.25
XGBoost,with_qd,random_oversample,thresh=0.30,0.3368,0.8205,0.4776,0.5119,0.9933,32,63,5378,7,95,39,0.3
XGBoost,with_qd,random_oversample,thresh=0.35,0.3483,0.7949,0.4844,0.5119,0.9933,31,58,5383,8,89,39,0.35
XGBoost,with_qd,random_oversample,thresh=0.40,0.3647,0.7949,0.5,0.5119,0.9933,31,54,5387,8,85,39,0.4
XGBoost,with_qd,random_oversample,thresh=0.45,0.3735,0.7949,0.5082,0.5119,0.9933,31,52,5389,8,83,39,0.45
XGBoost,with_qd,random_oversample,thresh=0.50,0.375,0.7692,0.5042,0.5119,0.9933,30,50,5391,9,80,39,0.5
XGBoost,with_qd,random_oversample,thresh=0.60,0.3973,0.7436,0.5179,0.5119,0.9933,29,44,5397,10,73,39,0.6
XGBoost,with_qd,random_oversample,thresh=0.70,0.4127,0.6667,0.5098,0.5119,0.9933,26,37,5404,13,63,39,0.7
XGBoost,with_qd,random_oversample,thresh=0.80,0.4561,0.6667,0.5417,0.5119,0.9933,26,31,5410,13,57,39,0.8
XGBoost,with_qd,random_oversample,thresh=0.90,0.5,0.6154,0.5517,0.5119,0.9933,24,24,5417,15,48,39,0.9
XGBoost,without_qd,random_oversample,thresh=0.05,0.2466,0.9231,0.3892,0.5297,0.9928,36,110,5331,3,146,39,0.05
XGBoost,without_qd,random_oversample,thresh=0.10,0.2812,0.9231,0.4311,0.5297,0.9928,36,92,5349,3,128,39,0.1
XGBoost,without_qd,random_oversample,thresh=0.15,0.3036,0.8718,0.4503,0.5297,0.9928,34,78,5363,5,112,39,0.15
XGBoost,without_qd,random_oversample,thresh=0.20,0.3333,0.8718,0.4823,0.5297,0.9928,34,68,5373,5,102,39,0.2
XGBoost,without_qd,random_oversample,thresh=0.25,0.3333,0.8462,0.4783,0.5297,0.9928,33,66,5375,6,99,39,0.25
XGBoost,without_qd,random_oversample,thresh=0.30,0.3402,0.8462,0.4853,0.5297,0.9928,33,64,5377,6,97,39,0.3
XGBoost,without_qd,random_oversample,thresh=0.35,0.3404,0.8205,0.4812,0.5297,0.9928,32,62,5379,7,94,39,0.35
XGBoost,without_qd,random_oversample,thresh=0.40,0.3596,0.8205,0.5,0.5297,0.9928,32,57,5384,7,89,39,0.4
XGBoost,without_qd,random_oversample,thresh=0.45,0.3735,0.7949,0.5082,0.5297,0.9928,31,52,5389,8,83,39,0.45
XGBoost,without_qd,random_oversample,thresh=0.50,0.3797,0.7692,0.5085,0.5297,0.9928,30,49,5392,9,79,39,0.5
XGBoost,without_qd,random_oversample,thresh=0.60,0.411,0.7692,0.5357,0.5297,0.9928,30,43,5398,9,73,39,0.6
XGBoost,without_qd,random_oversample,thresh=0.70,0.4308,0.7179,0.5385,0.5297,0.9928,28,37,5404,11,65,39,0.7
XGBoost,without_qd,random_oversample,thresh=0.80,0.4746,0.7179,0.5714,0.5297,0.9928,28,31,5410,11,59,39,0.8
XGBoost,without_qd,random_oversample,thresh=0.90,0.4889,0.5641,0.5238,0.5297,0.9928,22,23,5418,17,45,39,0.9
Random_Forest,with_qd,random_oversample,thresh=0.05,0.1466,1.0,0.2557,0.5542,0.9946,39,227,5214,0,266,39,0.05
Random_Forest,with_qd,random_oversample,thresh=0.10,0.1912,1.0,0.321,0.5542,0.9946,39,165,5276,0,204,39,0.1
Random_Forest,with_qd,random_oversample,thresh=0.15,0.2056,0.9487,0.3379,0.5542,0.9946,37,143,5298,2,180,39,0.15
Random_Forest,with_qd,random_oversample,thresh=0.20,0.2284,0.9487,0.3682,0.5542,0.9946,37,125,5316,2,162,39,0.2
Random_Forest,with_qd,random_oversample,thresh=0.25,0.2517,0.9487,0.3978,0.5542,0.9946,37,110,5331,2,147,39,0.25
Random_Forest,with_qd,random_oversample,thresh=0.30,0.2647,0.9231,0.4114,0.5542,0.9946,36,100,5341,3,136,39,0.3
Random_Forest,with_qd,random_oversample,thresh=0.35,0.2835,0.9231,0.4337,0.5542,0.9946,36,91,5350,3,127,39,0.35
Random_Forest,with_qd,random_oversample,thresh=0.40,0.2975,0.9231,0.45,0.5542,0.9946,36,85,5356,3,121,39,0.4
Random_Forest,with_qd,random_oversample,thresh=0.45,0.3153,0.8974,0.4667,0.5542,0.9946,35,76,5365,4,111,39,0.45
Random_Forest,with_qd,random_oversample,thresh=0.50,0.3208,0.8718,0.469,0.5542,0.9946,34,72,5369,5,106,39,0.5
Random_Forest,with_qd,random_oversample,thresh=0.60,0.3656,0.8718,0.5152,0.5542,0.9946,34,59,5382,5,93,39,0.6
Random_Forest,with_qd,random_oversample,thresh=0.70,0.4074,0.8462,0.55,0.5542,0.9946,33,48,5393,6,81,39,0.7
Random_Forest,with_qd,random_oversample,thresh=0.80,0.4242,0.7179,0.5333,0.5542,0.9946,28,38,5403,11,66,39,0.8
Random_Forest,with_qd,random_oversample,thresh=0.90,0.5227,0.5897,0.5542,0.5542,0.9946,23,21,5420,16,44,39,0.9
Random_Forest,without_qd,random_oversample,thresh=0.05,0.1494,1.0,0.26,0.5974,0.9944,39,222,5219,0,261,39,0.05
Random_Forest,without_qd,random_oversample,thresh=0.10,0.181,0.9744,0.3052,0.5974,0.9944,38,172,5269,1,210,39,0.1
Random_Forest,without_qd,random_oversample,thresh=0.15,0.2033,0.9487,0.3348,0.5974,0.9944,37,145,5296,2,182,39,0.15
Random_Forest,without_qd,random_oversample,thresh=0.20,0.2256,0.9487,0.3645,0.5974,0.9944,37,127,5314,2,164,39,0.2
Random_Forest,without_qd,random_oversample,thresh=0.25,0.2467,0.9487,0.3915,0.5974,0.9944,37,113,5328,2,150,39,0.25
Random_Forest,without_qd,random_oversample,thresh=0.30,0.2628,0.9231,0.4091,0.5974,0.9944,36,101,5340,3,137,39,0.3
Random_Forest,without_qd,random_oversample,thresh=0.35,0.2769,0.9231,0.426,0.5974,0.9944,36,94,5347,3,130,39,0.35
Random_Forest,without_qd,random_oversample,thresh=0.40,0.2835,0.9231,0.4337,0.5974,0.9944,36,91,5350,3,127,39,0.4
Random_Forest,without_qd,random_oversample,thresh=0.45,0.2917,0.8974,0.4403,0.5974,0.9944,35,85,5356,4,120,39,0.45
Random_Forest,without_qd,random_oversample,thresh=0.50,0.3182,0.8974,0.4698,0.5974,0.9944,35,75,5366,4,110,39,0.5
Random_Forest,without_qd,random_oversample,thresh=0.60,0.3579,0.8718,0.5075,0.5974,0.9944,34,61,5380,5,95,39,0.6
Random_Forest,without_qd,random_oversample,thresh=0.70,0.3846,0.7692,0.5128,0.5974,0.9944,30,48,5393,9,78,39,0.7
Random_Forest,without_qd,random_oversample,thresh=0.80,0.4464,0.641,0.5263,0.5974,0.9944,25,31,5410,14,56,39,0.8
Random_Forest,without_qd,random_oversample,thresh=0.90,0.5349,0.5897,0.561,0.5974,0.9944,23,20,5421,16,43,39,0.9
XGBoost,with_qd,random_undersample,thresh=0.05,0.2088,0.9744,0.3439,0.483,0.9935,38,144,5297,1,182,39,0.05
XGBoost,with_qd,random_undersample,thresh=0.10,0.2468,0.9744,0.3938,0.483,0.9935,38,116,5325,1,154,39,0.1
XGBoost,with_qd,random_undersample,thresh=0.15,0.2662,0.9487,0.4157,0.483,0.9935,37,102,5339,2,139,39,0.15
XGBoost,with_qd,random_undersample,thresh=0.20,0.2812,0.9231,0.4311,0.483,0.9935,36,92,5349,3,128,39,0.2
XGBoost,with_qd,random_undersample,thresh=0.25,0.3025,0.9231,0.4557,0.483,0.9935,36,83,5358,3,119,39,0.25
XGBoost,with_qd,random_undersample,thresh=0.30,0.3125,0.8974,0.4636,0.483,0.9935,35,77,5364,4,112,39,0.3
XGBoost,with_qd,random_undersample,thresh=0.35,0.3271,0.8974,0.4795,0.483,0.9935,35,72,5369,4,107,39,0.35
XGBoost,with_qd,random_undersample,thresh=0.40,0.3333,0.8974,0.4861,0.483,0.9935,35,70,5371,4,105,39,0.4
XGBoost,with_qd,random_undersample,thresh=0.45,0.3235,0.8462,0.4681,0.483,0.9935,33,69,5372,6,102,39,0.45
XGBoost,with_qd,random_undersample,thresh=0.50,0.33,0.8462,0.4748,0.483,0.9935,33,67,5374,6,100,39,0.5
XGBoost,with_qd,random_undersample,thresh=0.60,0.3516,0.8205,0.4923,0.483,0.9935,32,59,5382,7,91,39,0.6
XGBoost,with_qd,random_undersample,thresh=0.70,0.3537,0.7436,0.4793,0.483,0.9935,29,53,5388,10,82,39,0.7
XGBoost,with_qd,random_undersample,thresh=0.80,0.3803,0.6923,0.4909,0.483,0.9935,27,44,5397,12,71,39,0.8
XGBoost,with_qd,random_undersample,thresh=0.90,0.434,0.5897,0.5,0.483,0.9935,23,30,5411,16,53,39,0.9
XGBoost,without_qd,random_undersample,thresh=0.05,0.2021,0.9744,0.3348,0.539,0.9938,38,150,5291,1,188,39,0.05
XGBoost,without_qd,random_undersample,thresh=0.10,0.242,0.9744,0.3878,0.539,0.9938,38,119,5322,1,157,39,0.1
XGBoost,without_qd,random_undersample,thresh=0.15,0.2624,0.9487,0.4111,0.539,0.9938,37,104,5337,2,141,39,0.15
XGBoost,without_qd,random_undersample,thresh=0.20,0.2835,0.9231,0.4337,0.539,0.9938,36,91,5350,3,127,39,0.2
XGBoost,without_qd,random_undersample,thresh=0.25,0.3025,0.9231,0.4557,0.539,0.9938,36,83,5358,3,119,39,0.25
XGBoost,without_qd,random_undersample,thresh=0.30,0.3097,0.8974,0.4605,0.539,0.9938,35,78,5363,4,113,39,0.3
XGBoost,without_qd,random_undersample,thresh=0.35,0.3211,0.8974,0.473,0.539,0.9938,35,74,5367,4,109,39,0.35
XGBoost,without_qd,random_undersample,thresh=0.40,0.3333,0.8974,0.4861,0.539,0.9938,35,70,5371,4,105,39,0.4
XGBoost,without_qd,random_undersample,thresh=0.45,0.3366,0.8718,0.4857,0.539,0.9938,34,67,5374,5,101,39,0.45
XGBoost,without_qd,random_undersample,thresh=0.50,0.3438,0.8462,0.4889,0.539,0.9938,33,63,5378,6,96,39,0.5
XGBoost,without_qd,random_undersample,thresh=0.60,0.3404,0.8205,0.4812,0.539,0.9938,32,62,5379,7,94,39,0.6
XGBoost,without_qd,random_undersample,thresh=0.70,0.3529,0.7692,0.4839,0.539,0.9938,30,55,5386,9,85,39,0.7
XGBoost,without_qd,random_undersample,thresh=0.80,0.3836,0.7179,0.5,0.539,0.9938,28,45,5396,11,73,39,0.8
XGBoost,without_qd,random_undersample,thresh=0.90,0.451,0.5897,0.5111,0.539,0.9938,23,28,5413,16,51,39,0.9
Random_Forest,with_qd,random_undersample,thresh=0.05,0.0835,1.0,0.1542,0.5497,0.9946,39,428,5013,0,467,39,0.05
Random_Forest,with_qd,random_undersample,thresh=0.10,0.1383,1.0,0.243,0.5497,0.9946,39,243,5198,0,282,39,0.1
Random_Forest,with_qd,random_undersample,thresh=0.15,0.1845,0.9744,0.3102,0.5497,0.9946,38,168,5273,1,206,39,0.15
Random_Forest,with_qd,random_undersample,thresh=0.20,0.2135,0.9744,0.3502,0.5497,0.9946,38,140,5301,1,178,39,0.2
Random_Forest,with_qd,random_undersample,thresh=0.25,0.242,0.9744,0.3878,0.5497,0.9946,38,119,5322,1,157,39,0.25
Random_Forest,with_qd,random_undersample,thresh=0.30,0.259,0.9231,0.4045,0.5497,0.9946,36,103,5338,3,139,39,0.3
Random_Forest,with_qd,random_undersample,thresh=0.35,0.3125,0.8974,0.4636,0.5497,0.9946,35,77,5364,4,112,39,0.35
Random_Forest,with_qd,random_undersample,thresh=0.40,0.3333,0.8462,0.4783,0.5497,0.9946,33,66,5375,6,99,39,0.4
Random_Forest,with_qd,random_undersample,thresh=0.45,0.3882,0.8462,0.5323,0.5497,0.9946,33,52,5389,6,85,39,0.45
Random_Forest,with_qd,random_undersample,thresh=0.50,0.4177,0.8462,0.5593,0.5497,0.9946,33,46,5395,6,79,39,0.5
Random_Forest,with_qd,random_undersample,thresh=0.60,0.4507,0.8205,0.5818,0.5497,0.9946,32,39,5402,7,71,39,0.6
Random_Forest,with_qd,random_undersample,thresh=0.70,0.5085,0.7692,0.6122,0.5497,0.9946,30,29,5412,9,59,39,0.7
Random_Forest,with_qd,random_undersample,thresh=0.80,0.5366,0.5641,0.55,0.5497,0.9946,22,19,5422,17,41,39,0.8
Random_Forest,with_qd,random_undersample,thresh=0.90,0.6111,0.2821,0.386,0.5497,0.9946,11,7,5434,28,18,39,0.9
Random_Forest,without_qd,random_undersample,thresh=0.05,0.0809,1.0,0.1497,0.5767,0.9944,39,443,4998,0,482,39,0.05
Random_Forest,without_qd,random_undersample,thresh=0.10,0.1304,1.0,0.2308,0.5767,0.9944,39,260,5181,0,299,39,0.1
Random_Forest,without_qd,random_undersample,thresh=0.15,0.1712,0.9744,0.2912,0.5767,0.9944,38,184,5257,1,222,39,0.15
Random_Forest,without_qd,random_undersample,thresh=0.20,0.2099,0.9744,0.3455,0.5767,0.9944,38,143,5298,1,181,39,0.2
Random_Forest,without_qd,random_undersample,thresh=0.25,0.2303,0.9744,0.3725,0.5767,0.9944,38,127,5314,1,165,39,0.25
Random_Forest,without_qd,random_undersample,thresh=0.30,0.2466,0.9231,0.3892,0.5767,0.9944,36,110,5331,3,146,39,0.3
Random_Forest,without_qd,random_undersample,thresh=0.35,0.2927,0.9231,0.4444,0.5767,0.9944,36,87,5354,3,123,39,0.35
Random_Forest,without_qd,random_undersample,thresh=0.40,0.3269,0.8718,0.4755,0.5767,0.9944,34,70,5371,5,104,39,0.4
Random_Forest,without_qd,random_undersample,thresh=0.45,0.3587,0.8462,0.5038,0.5767,0.9944,33,59,5382,6,92,39,0.45
Random_Forest,without_qd,random_undersample,thresh=0.50,0.4024,0.8462,0.5455,0.5767,0.9944,33,49,5392,6,82,39,0.5
Random_Forest,without_qd,random_undersample,thresh=0.60,0.4559,0.7949,0.5794,0.5767,0.9944,31,37,5404,8,68,39,0.6
Random_Forest,without_qd,random_undersample,thresh=0.70,0.52,0.6667,0.5843,0.5767,0.9944,26,24,5417,13,50,39,0.7
Random_Forest,without_qd,random_undersample,thresh=0.80,0.6061,0.5128,0.5556,0.5767,0.9944,20,13,5428,19,33,39,0.8
Random_Forest,without_qd,random_undersample,thresh=0.90,0.7273,0.2051,0.32,0.5767,0.9944,8,3,5438,31,11,39,0.9
XGBoost,with_qd,smote_skipped,thresh=0.05,0.3864,0.8718,0.5354,0.5654,0.9943,34,54,5387,5,88,39,0.05
XGBoost,with_qd,smote_skipped,thresh=0.10,0.4366,0.7949,0.5636,0.5654,0.9943,31,40,5401,8,71,39,0.1
XGBoost,with_qd,smote_skipped,thresh=0.15,0.4677,0.7436,0.5743,0.5654,0.9943,29,33,5408,10,62,39,0.15
XGBoost,with_qd,smote_skipped,thresh=0.20,0.4906,0.6667,0.5652,0.5654,0.9943,26,27,5414,13,53,39,0.2
XGBoost,with_qd,smote_skipped,thresh=0.25,0.5333,0.6154,0.5714,0.5654,0.9943,24,21,5420,15,45,39,0.25
XGBoost,with_qd,smote_skipped,thresh=0.30,0.561,0.5897,0.575,0.5654,0.9943,23,18,5423,16,41,39,0.3
XGBoost,with_qd,smote_skipped,thresh=0.35,0.5526,0.5385,0.5455,0.5654,0.9943,21,17,5424,18,38,39,0.35
XGBoost,with_qd,smote_skipped,thresh=0.40,0.5758,0.4872,0.5278,0.5654,0.9943,19,14,5427,20,33,39,0.4
XGBoost,with_qd,smote_skipped,thresh=0.45,0.5862,0.4359,0.5,0.5654,0.9943,17,12,5429,22,29,39,0.45
XGBoost,with_qd,smote_skipped,thresh=0.50,0.5769,0.3846,0.4615,0.5654,0.9943,15,11,5430,24,26,39,0.5
XGBoost,with_qd,smote_skipped,thresh=0.60,0.625,0.2564,0.3636,0.5654,0.9943,10,6,5435,29,16,39,0.6
XGBoost,with_qd,smote_skipped,thresh=0.70,0.7,0.1795,0.2857,0.5654,0.9943,7,3,5438,32,10,39,0.7
XGBoost,with_qd,smote_skipped,thresh=0.80,1.0,0.0256,0.05,0.5654,0.9943,1,0,5441,38,1,39,0.8
XGBoost,with_qd,smote_skipped,thresh=0.90,1.0,0.0256,0.05,0.5654,0.9943,1,0,5441,38,1,39,0.9
XGBoost,without_qd,smote_skipped,thresh=0.05,0.3864,0.8718,0.5354,0.5526,0.9943,34,54,5387,5,88,39,0.05
XGBoost,without_qd,smote_skipped,thresh=0.10,0.4493,0.7949,0.5741,0.5526,0.9943,31,38,5403,8,69,39,0.1
XGBoost,without_qd,smote_skipped,thresh=0.15,0.5,0.7692,0.6061,0.5526,0.9943,30,30,5411,9,60,39,0.15
XGBoost,without_qd,smote_skipped,thresh=0.20,0.5091,0.7179,0.5957,0.5526,0.9943,28,27,5414,11,55,39,0.2
XGBoost,without_qd,smote_skipped,thresh=0.25,0.5,0.641,0.5618,0.5526,0.9943,25,25,5416,14,50,39,0.25
XGBoost,without_qd,smote_skipped,thresh=0.30,0.5128,0.5128,0.5128,0.5526,0.9943,20,19,5422,19,39,39,0.3
XGBoost,without_qd,smote_skipped,thresh=0.35,0.5152,0.4359,0.4722,0.5526,0.9943,17,16,5425,22,33,39,0.35
XGBoost,without_qd,smote_skipped,thresh=0.40,0.5385,0.359,0.4308,0.5526,0.9943,14,12,5429,25,26,39,0.4
XGBoost,without_qd,smote_skipped,thresh=0.45,0.5385,0.359,0.4308,0.5526,0.9943,14,12,5429,25,26,39,0.45
XGBoost,without_qd,smote_skipped,thresh=0.50,0.5455,0.3077,0.3934,0.5526,0.9943,12,10,5431,27,22,39,0.5
XGBoost,without_qd,smote_skipped,thresh=0.60,0.6111,0.2821,0.386,0.5526,0.9943,11,7,5434,28,18,39,0.6
XGBoost,without_qd,smote_skipped,thresh=0.70,0.7778,0.1795,0.2917,0.5526,0.9943,7,2,5439,32,9,39,0.7
XGBoost,without_qd,smote_skipped,thresh=0.80,0.75,0.0769,0.1395,0.5526,0.9943,3,1,5440,36,4,39,0.8
XGBoost,without_qd,smote_skipped,thresh=0.90,1.0,0.0256,0.05,0.5526,0.9943,1,0,5441,38,1,39,0.9
Random_Forest,with_qd,smote_skipped,thresh=0.05,0.3148,0.8718,0.4626,0.5951,0.9941,34,74,5367,5,108,39,0.05
Random_Forest,with_qd,smote_skipped,thresh=0.10,0.4231,0.8462,0.5641,0.5951,0.9941,33,45,5396,6,78,39,0.1
Random_Forest,with_qd,smote_skipped,thresh=0.15,0.4848,0.8205,0.6095,0.5951,0.9941,32,34,5407,7,66,39,0.15
Random_Forest,with_qd,smote_skipped,thresh=0.20,0.5179,0.7436,0.6105,0.5951,0.9941,29,27,5414,10,56,39,0.2
Random_Forest,with_qd,smote_skipped,thresh=0.25,0.52,0.6667,0.5843,0.5951,0.9941,26,24,5417,13,50,39,0.25
Random_Forest,with_qd,smote_skipped,thresh=0.30,0.5102,0.641,0.5682,0.5951,0.9941,25,24,5417,14,49,39,0.3
Random_Forest,with_qd,smote_skipped,thresh=0.35,0.5,0.5385,0.5185,0.5951,0.9941,21,21,5420,18,42,39,0.35
Random_Forest,with_qd,smote_skipped,thresh=0.40,0.5135,0.4872,0.5,0.5951,0.9941,19,18,5423,20,37,39,0.4
Random_Forest,with_qd,smote_skipped,thresh=0.45,0.5862,0.4359,0.5,0.5951,0.9941,17,12,5429,22,29,39,0.45
Random_Forest,with_qd,smote_skipped,thresh=0.50,0.56,0.359,0.4375,0.5951,0.9941,14,11,5430,25,25,39,0.5
Random_Forest,with_qd,smote_skipped,thresh=0.60,1.0,0.1282,0.2273,0.5951,0.9941,5,0,5441,34,5,39,0.6
Random_Forest,with_qd,smote_skipped,thresh=0.70,1.0,0.0256,0.05,0.5951,0.9941,1,0,5441,38,1,39,0.7
Random_Forest,with_qd,smote_skipped,thresh=0.80,0.0,0.0,0.0,0.5951,0.9941,0,0,5441,39,0,39,0.8
Random_Forest,with_qd,smote_skipped,thresh=0.90,0.0,0.0,0.0,0.5951,0.9941,0,0,5441,39,0,39,0.9
Random_Forest,without_qd,smote_skipped,thresh=0.05,0.2823,0.8974,0.4294,0.6048,0.9938,35,89,5352,4,124,39,0.05
Random_Forest,without_qd,smote_skipped,thresh=0.10,0.4074,0.8462,0.55,0.6048,0.9938,33,48,5393,6,81,39,0.1
Random_Forest,without_qd,smote_skipped,thresh=0.15,0.4848,0.8205,0.6095,0.6048,0.9938,32,34,5407,7,66,39,0.15
Random_Forest,without_qd,smote_skipped,thresh=0.20,0.5088,0.7436,0.6042,0.6048,0.9938,29,28,5413,10,57,39,0.2
Random_Forest,without_qd,smote_skipped,thresh=0.25,0.52,0.6667,0.5843,0.6048,0.9938,26,24,5417,13,50,39,0.25
Random_Forest,without_qd,smote_skipped,thresh=0.30,0.5111,0.5897,0.5476,0.6048,0.9938,23,22,5419,16,45,39,0.3
Random_Forest,without_qd,smote_skipped,thresh=0.35,0.5278,0.4872,0.5067,0.6048,0.9938,19,17,5424,20,36,39,0.35
Random_Forest,without_qd,smote_skipped,thresh=0.40,0.5806,0.4615,0.5143,0.6048,0.9938,18,13,5428,21,31,39,0.4
Random_Forest,without_qd,smote_skipped,thresh=0.45,0.5909,0.3333,0.4262,0.6048,0.9938,13,9,5432,26,22,39,0.45
Random_Forest,without_qd,smote_skipped,thresh=0.50,0.7692,0.2564,0.3846,0.6048,0.9938,10,3,5438,29,13,39,0.5
Random_Forest,without_qd,smote_skipped,thresh=0.60,1.0,0.1538,0.2667,0.6048,0.9938,6,0,5441,33,6,39,0.6
Random_Forest,without_qd,smote_skipped,thresh=0.70,1.0,0.0256,0.05,0.6048,0.9938,1,0,5441,38,1,39,0.7
Random_Forest,without_qd,smote_skipped,thresh=0.80,1.0,0.0256,0.05,0.6048,0.9938,1,0,5441,38,1,39,0.8
Random_Forest,without_qd,smote_skipped,thresh=0.90,0.0,0.0,0.0,0.6048,0.9938,0,0,5441,39,0,39,0.9
