feature,in_baseline,in_temporal,feature_group,time_reference,dtype,role,leakage_status
city,N/A,N/A,identifier,T,str,identifier,N/A (identifier)
city_key,N/A,N/A,identifier,T,str,identifier,N/A (identifier)
date,N/A,N/A,identifier,T,datetime64[us],identifier,N/A (identifier)
state,N/A,N/A,identifier,T,str,identifier,N/A (identifier)
region_type,N/A,N/A,identifier,T,str,identifier,N/A (identifier)
heatwave,N/A,N/A,identifier,T,int64,identifier,N/A (identifier)
hw_event_id,N/A,N/A,identifier,T,int64,identifier,N/A (identifier)
hw_event_start,N/A,N/A,identifier,T,str,identifier,N/A (identifier)
hw_event_end,N/A,N/A,identifier,T,str,identifier,N/A (identifier)
hw_event_length,N/A,N/A,identifier,T,int64,identifier,N/A (identifier)
apparent_temperature_max,yes,yes,group1_current_weather,T,float64,feature,SAFE (current-day observation)
apparent_temperature_mean,yes,yes,group1_current_weather,T,float64,feature,SAFE (current-day observation)
apparent_temperature_min,yes,yes,group1_current_weather,T,float64,feature,SAFE (current-day observation)
city_encoded,yes,yes,group7_city,T,int64,feature,SAFE (current-day observation)
day_of_year,yes,yes,group6_calendar,T,int64,feature,SAFE (current-day observation)
doy_cos,yes,yes,group6_calendar,T,float64,feature,SAFE (current-day observation)
doy_sin,yes,yes,group6_calendar,T,float64,feature,SAFE (current-day observation)
et0_fao_evapotranspiration,yes,yes,group1_current_weather,T,float64,feature,SAFE (current-day observation)
heatwave_lag1,no,yes,group2_lag,T-1,float64,feature,SAFE (past data)
is_coastal,yes,yes,group7_city,T,int64,feature,SAFE (current-day observation)
latitude,yes,yes,group7_city,T,float64,feature,SAFE (current-day observation)
longitude,yes,yes,group7_city,T,float64,feature,SAFE (current-day observation)
month,yes,yes,group6_calendar,T,int64,feature,SAFE (current-day observation)
month_cos,yes,yes,group6_calendar,T,float64,feature,SAFE (current-day observation)
month_sin,yes,yes,group6_calendar,T,float64,feature,SAFE (current-day observation)
precipitation_sum,yes,yes,group1_current_weather,T,float64,feature,SAFE (current-day observation)
precipitation_sum_lag1,no,yes,group2_lag,T-1,float64,feature,SAFE (past data)
precipitation_sum_lag2,no,yes,group2_lag,T-2,float64,feature,SAFE (past data)
precipitation_sum_lag3,no,yes,group2_lag,T-3,float64,feature,SAFE (past data)
precipitation_sum_lag7,no,yes,group2_lag,T-7,float64,feature,SAFE (past data)
precipitation_sum_roll3_max,no,yes,group3_rolling,T-3 to T-1 (rolling),float64,feature,SAFE (shift(1).rolling)
precipitation_sum_roll3_mean,no,yes,group3_rolling,T-3 to T-1 (rolling),float64,feature,SAFE (shift(1).rolling)
precipitation_sum_roll3_min,no,yes,group3_rolling,T-3 to T-1 (rolling),float64,feature,SAFE (shift(1).rolling)
precipitation_sum_roll7_max,no,yes,group3_rolling,T-7 to T-1 (rolling),float64,feature,SAFE (shift(1).rolling)
precipitation_sum_roll7_mean,no,yes,group3_rolling,T-7 to T-1 (rolling),float64,feature,SAFE (shift(1).rolling)
precipitation_sum_roll7_min,no,yes,group3_rolling,T-7 to T-1 (rolling),float64,feature,SAFE (shift(1).rolling)
qualifying_day,yes,yes,group1_current_weather,T,int64,feature,SAFE (current-day observation)
relative_humidity_2m_max,yes,yes,group1_current_weather,T,int64,feature,SAFE (current-day observation)
relative_humidity_2m_mean,yes,yes,group1_current_weather,T,int64,feature,SAFE (current-day observation)
relative_humidity_2m_mean_lag1,no,yes,group2_lag,T-1,float64,feature,SAFE (past data)
relative_humidity_2m_mean_lag2,no,yes,group2_lag,T-2,float64,feature,SAFE (past data)
relative_humidity_2m_mean_lag3,no,yes,group2_lag,T-3,float64,feature,SAFE (past data)
relative_humidity_2m_mean_lag7,no,yes,group2_lag,T-7,float64,feature,SAFE (past data)
relative_humidity_2m_mean_roll3_max,no,yes,group3_rolling,T-3 to T-1 (rolling),float64,feature,SAFE (shift(1).rolling)
relative_humidity_2m_mean_roll3_mean,no,yes,group3_rolling,T-3 to T-1 (rolling),float64,feature,SAFE (shift(1).rolling)
relative_humidity_2m_mean_roll3_min,no,yes,group3_rolling,T-3 to T-1 (rolling),float64,feature,SAFE (shift(1).rolling)
relative_humidity_2m_mean_roll7_max,no,yes,group3_rolling,T-7 to T-1 (rolling),float64,feature,SAFE (shift(1).rolling)
relative_humidity_2m_mean_roll7_mean,no,yes,group3_rolling,T-7 to T-1 (rolling),float64,feature,SAFE (shift(1).rolling)
relative_humidity_2m_mean_roll7_min,no,yes,group3_rolling,T-7 to T-1 (rolling),float64,feature,SAFE (shift(1).rolling)
relative_humidity_2m_min,yes,yes,group1_current_weather,T,int64,feature,SAFE (current-day observation)
season_code,yes,yes,group6_calendar,T,int64,feature,SAFE (current-day observation)
shortwave_radiation_sum,yes,yes,group1_current_weather,T,float64,feature,SAFE (current-day observation)
surface_pressure_mean,yes,yes,group1_current_weather,T,float64,feature,SAFE (current-day observation)
surface_pressure_mean_lag1,no,yes,group2_lag,T-1,float64,feature,SAFE (past data)
surface_pressure_mean_lag2,no,yes,group2_lag,T-2,float64,feature,SAFE (past data)
surface_pressure_mean_lag3,no,yes,group2_lag,T-3,float64,feature,SAFE (past data)
surface_pressure_mean_lag7,no,yes,group2_lag,T-7,float64,feature,SAFE (past data)
surface_pressure_mean_roll3_max,no,yes,group3_rolling,T-3 to T-1 (rolling),float64,feature,SAFE (shift(1).rolling)
surface_pressure_mean_roll3_mean,no,yes,group3_rolling,T-3 to T-1 (rolling),float64,feature,SAFE (shift(1).rolling)
surface_pressure_mean_roll3_min,no,yes,group3_rolling,T-3 to T-1 (rolling),float64,feature,SAFE (shift(1).rolling)
surface_pressure_mean_roll7_max,no,yes,group3_rolling,T-7 to T-1 (rolling),float64,feature,SAFE (shift(1).rolling)
surface_pressure_mean_roll7_mean,no,yes,group3_rolling,T-7 to T-1 (rolling),float64,feature,SAFE (shift(1).rolling)
surface_pressure_mean_roll7_min,no,yes,group3_rolling,T-7 to T-1 (rolling),float64,feature,SAFE (shift(1).rolling)
temperature_2m_max,yes,yes,group1_current_weather,T,float64,feature,SAFE (current-day observation)
temperature_2m_max_lag1,no,yes,group2_lag,T-1,float64,feature,SAFE (past data)
temperature_2m_max_lag2,no,yes,group2_lag,T-2,float64,feature,SAFE (past data)
temperature_2m_max_lag3,no,yes,group2_lag,T-3,float64,feature,SAFE (past data)
temperature_2m_max_lag7,no,yes,group2_lag,T-7,float64,feature,SAFE (past data)
temperature_2m_max_roll3_max,no,yes,group3_rolling,T-3 to T-1 (rolling),float64,feature,SAFE (shift(1).rolling)
temperature_2m_max_roll3_mean,no,yes,group3_rolling,T-3 to T-1 (rolling),float64,feature,SAFE (shift(1).rolling)
temperature_2m_max_roll3_min,no,yes,group3_rolling,T-3 to T-1 (rolling),float64,feature,SAFE (shift(1).rolling)
temperature_2m_max_roll7_max,no,yes,group3_rolling,T-7 to T-1 (rolling),float64,feature,SAFE (shift(1).rolling)
temperature_2m_max_roll7_mean,no,yes,group3_rolling,T-7 to T-1 (rolling),float64,feature,SAFE (shift(1).rolling)
temperature_2m_max_roll7_min,no,yes,group3_rolling,T-7 to T-1 (rolling),float64,feature,SAFE (shift(1).rolling)
temperature_2m_mean,yes,yes,group1_current_weather,T,float64,feature,SAFE (current-day observation)
temperature_2m_mean_lag1,no,yes,group2_lag,T-1,float64,feature,SAFE (past data)
temperature_2m_mean_lag2,no,yes,group2_lag,T-2,float64,feature,SAFE (past data)
temperature_2m_mean_lag3,no,yes,group2_lag,T-3,float64,feature,SAFE (past data)
temperature_2m_mean_lag7,no,yes,group2_lag,T-7,float64,feature,SAFE (past data)
temperature_2m_mean_roll3_max,no,yes,group3_rolling,T-3 to T-1 (rolling),float64,feature,SAFE (shift(1).rolling)
temperature_2m_mean_roll3_mean,no,yes,group3_rolling,T-3 to T-1 (rolling),float64,feature,SAFE (shift(1).rolling)
temperature_2m_mean_roll3_min,no,yes,group3_rolling,T-3 to T-1 (rolling),float64,feature,SAFE (shift(1).rolling)
temperature_2m_mean_roll7_max,no,yes,group3_rolling,T-7 to T-1 (rolling),float64,feature,SAFE (shift(1).rolling)
temperature_2m_mean_roll7_mean,no,yes,group3_rolling,T-7 to T-1 (rolling),float64,feature,SAFE (shift(1).rolling)
temperature_2m_mean_roll7_min,no,yes,group3_rolling,T-7 to T-1 (rolling),float64,feature,SAFE (shift(1).rolling)
temperature_2m_min,yes,yes,group1_current_weather,T,float64,feature,SAFE (current-day observation)
temperature_2m_min_lag1,no,yes,group2_lag,T-1,float64,feature,SAFE (past data)
temperature_2m_min_lag2,no,yes,group2_lag,T-2,float64,feature,SAFE (past data)
temperature_2m_min_lag3,no,yes,group2_lag,T-3,float64,feature,SAFE (past data)
temperature_2m_min_lag7,no,yes,group2_lag,T-7,float64,feature,SAFE (past data)
temperature_2m_min_roll3_max,no,yes,group3_rolling,T-3 to T-1 (rolling),float64,feature,SAFE (shift(1).rolling)
temperature_2m_min_roll3_mean,no,yes,group3_rolling,T-3 to T-1 (rolling),float64,feature,SAFE (shift(1).rolling)
temperature_2m_min_roll3_min,no,yes,group3_rolling,T-3 to T-1 (rolling),float64,feature,SAFE (shift(1).rolling)
temperature_2m_min_roll7_max,no,yes,group3_rolling,T-7 to T-1 (rolling),float64,feature,SAFE (shift(1).rolling)
temperature_2m_min_roll7_mean,no,yes,group3_rolling,T-7 to T-1 (rolling),float64,feature,SAFE (shift(1).rolling)
temperature_2m_min_roll7_min,no,yes,group3_rolling,T-7 to T-1 (rolling),float64,feature,SAFE (shift(1).rolling)
tmax_delta_1d,no,yes,group4_trend,T minus T-N,float64,feature,SAFE (T is current-day; T-N is past)
tmax_delta_3d,no,yes,group4_trend,T minus T-N,float64,feature,SAFE (T is current-day; T-N is past)
tmax_delta_7d,no,yes,group4_trend,T minus T-N,float64,feature,SAFE (T is current-day; T-N is past)
tmax_departure,yes,yes,group1_current_weather,T,float64,feature,SAFE (current-day observation)
tmax_departure_lag1,no,yes,group2_lag,T-1,float64,feature,SAFE (past data)
tmax_departure_lag2,no,yes,group2_lag,T-2,float64,feature,SAFE (past data)
tmax_departure_lag3,no,yes,group2_lag,T-3,float64,feature,SAFE (past data)
tmax_departure_lag7,no,yes,group2_lag,T-7,float64,feature,SAFE (past data)
tmax_departure_zscore,no,yes,group5_anomaly,T (normalised against T-30 to T-1),float64,feature,SAFE (trailing window)
tmax_normal,yes,yes,group1_current_weather,T,float64,feature,SAFE (current-day observation)
tmax_slope_3d,no,yes,group4_trend,T-N to T-1 (slope),float64,feature,SAFE (shift(1).rolling slope)
tmax_slope_7d,no,yes,group4_trend,T-N to T-1 (slope),float64,feature,SAFE (shift(1).rolling slope)
wind_gusts_10m_max,yes,yes,group1_current_weather,T,float64,feature,SAFE (current-day observation)
wind_speed_10m_max,yes,yes,group1_current_weather,T,float64,feature,SAFE (current-day observation)
wind_speed_10m_max_lag1,no,yes,group2_lag,T-1,float64,feature,SAFE (past data)
wind_speed_10m_max_lag2,no,yes,group2_lag,T-2,float64,feature,SAFE (past data)
wind_speed_10m_max_lag3,no,yes,group2_lag,T-3,float64,feature,SAFE (past data)
wind_speed_10m_max_lag7,no,yes,group2_lag,T-7,float64,feature,SAFE (past data)
wind_speed_10m_max_roll3_max,no,yes,group3_rolling,T-3 to T-1 (rolling),float64,feature,SAFE (shift(1).rolling)
wind_speed_10m_max_roll3_mean,no,yes,group3_rolling,T-3 to T-1 (rolling),float64,feature,SAFE (shift(1).rolling)
wind_speed_10m_max_roll3_min,no,yes,group3_rolling,T-3 to T-1 (rolling),float64,feature,SAFE (shift(1).rolling)
wind_speed_10m_max_roll7_max,no,yes,group3_rolling,T-7 to T-1 (rolling),float64,feature,SAFE (shift(1).rolling)
wind_speed_10m_max_roll7_mean,no,yes,group3_rolling,T-7 to T-1 (rolling),float64,feature,SAFE (shift(1).rolling)
wind_speed_10m_max_roll7_min,no,yes,group3_rolling,T-7 to T-1 (rolling),float64,feature,SAFE (shift(1).rolling)
heatwave_next_day,yes,yes,target,T+1,float64,TARGET,N/A (target)
